"post_title","post_name","post_parent","ID","post_content","post_excerpt","post_status","post_password","menu_order","post_date","post_author","comment_status","sku","parent_sku","children","downloadable","virtual","stock","regular_price","sale_price","weight","length","width","height","tax_class","visibility","stock_status","backorders","sold_individually","low_stock_amount","manage_stock","tax_status","upsell_ids","crosssell_ids","purchase_note","sale_price_dates_from","sale_price_dates_to","download_limit","download_expiry","product_url","button_text","images","downloadable_files","product_page_url","meta:total_sales","meta:_global_unique_id","tax:product_brand","tax:product_type","tax:product_visibility","tax:product_cat","tax:product_tag","tax:product_shipping_class","tax:pos_product_visibility","attribute:pa_lense-type","attribute_data:pa_lense-type","attribute_default:pa_lense-type"
"Johnson & Johnson / 30 daily lenses","johnson-johnson-30-daily-lenses","","3427","Johnson &amp; Johnson / 30 monthly lenses","","Published","","0","2025-02-13 08:00:12","1","closed","","","","no","no","","25","","","","","","","","instock","no","no","","no","taxable","","","","","","","","","","https://jeepoo.com/wp-content/uploads/2025/02/Add-a-heading.webp ! alt :  ! title : Add-a-heading.webp ! desc :  ! caption : ","","https://jeepoo.com/shop-2/jj/johnson-johnson-30-daily-lenses/","","","","simple","","J&amp;J","","","","","",""
"Johnson & Johnson / 6 monthly lenses","johnson-johnson-6-monthly-lenses","","3426","Johnson &amp; Johnson / 6 monthly lenses","","Published","","0","2025-02-13 08:00:12","1","closed","","","","no","no","","25","","","","","","","","instock","no","no","","no","taxable","","","","","","","","","","https://jeepoo.com/wp-content/uploads/2025/02/6-monthly.webp ! alt :  ! title : 6-monthly.webp ! desc :  ! caption : ","","https://jeepoo.com/shop-2/contact-lenses/johnson-johnson-6-monthly-lenses/","","","","simple","","Contact lenses","","","","","",""
"Dima Lenses 100ml. محلول عدسات","dima-lenses-100ml-محلول-عدسات","","3424","","","Published","","0","2025-02-13 08:00:12","1","closed","","","","no","no","","5.5","","","","","","","","instock","no","no","","no","taxable","","","","","","","","","","https://jeepoo.com/wp-content/uploads/2025/02/Solution-2.webp ! alt :  ! title : Solution-2.webp ! desc :  ! caption : ","","https://jeepoo.com/shop-2/solution/dima-lenses-100ml-%d9%85%d8%ad%d9%84%d9%88%d9%84-%d8%b9%d8%af%d8%b3%d8%a7%d8%aa/","","","","simple","","Solution","CooperVision","","","","",""
"CoperVision 100ml. محلول عدسات","copervision-100ml-محلول-عدسات","","3423","All in One Light .","","Published","","0","2025-02-13 08:00:12","1","closed","","","","no","no","","4","","","","","","","","instock","no","no","","no","taxable","","","","","","","","","","https://jeepoo.com/wp-content/uploads/2025/02/Solution-3.webp ! alt :  ! title : Solution-3.webp ! desc :  ! caption : ","","https://jeepoo.com/shop-2/solution/copervision-100ml-%d9%85%d8%ad%d9%84%d9%88%d9%84-%d8%b9%d8%af%d8%b3%d8%a7%d8%aa/","","","","simple","","Solution","CooperVision","","","","",""
"CoperVision 250ml. محلول عدسات","copervision-250ml-محلول-عدسات","","3422","All in One Light .","","Published","","0","2025-02-13 08:00:12","1","closed","","","","no","no","","6","","","","","","","","instock","no","no","","no","taxable","","","","","","","","","","https://jeepoo.com/wp-content/uploads/2025/02/Solution-3.webp ! alt :  ! title : Solution-3.webp ! desc :  ! caption : ","","https://jeepoo.com/shop-2/solution/copervision-250ml-%d9%85%d8%ad%d9%84%d9%88%d9%84-%d8%b9%d8%af%d8%b3%d8%a7%d8%aa/","","","","simple","","Solution","CooperVision","","","","",""
"CoperVision 360ml. محلول عدسات","copervision-360ml-محلول-عدسات","","3421","All in One Light .","","Published","","0","2025-02-13 08:00:12","1","closed","","","","no","no","","7","","","","","","","","instock","no","no","","no","taxable","","","","","","","","","","https://jeepoo.com/wp-content/uploads/2025/02/Solution-5.webp ! alt :  ! title : Solution-5.webp ! desc :  ! caption : ","","https://jeepoo.com/shop-2/solution/copervision-360ml-%d9%85%d8%ad%d9%84%d9%88%d9%84-%d8%b9%d8%af%d8%b3%d8%a7%d8%aa/","","","","simple","","Solution","CooperVision","","","","",""
"Avizor 350 ml. محلول عدسات","avizor-350-ml-محلول-عدسات","","3420","For Sensitive eyes with Sodium hyaluronate","","Published","","0","2025-02-13 08:00:12","1","closed","","","","no","no","","8","","","","","","","","instock","no","no","","no","taxable","","","","","","","","","","https://jeepoo.com/wp-content/uploads/2025/02/Solution-1.webp ! alt :  ! title : Solution-1.webp ! desc :  ! caption : ","","https://jeepoo.com/shop-2/solution/avizor-350-ml-%d9%85%d8%ad%d9%84%d9%88%d9%84-%d8%b9%d8%af%d8%b3%d8%a7%d8%aa/","","","","simple","","Solution","","","","","",""
"Avizor 120 ml. محلول عدسات","avizor-120-ml-محلول-عدسات","","3419","For Sensitive eyes with Sodium hyaluronate","","Published","","0","2025-02-13 08:00:11","1","closed","","","","no","no","","4","","","","","","","","instock","no","no","","no","taxable","","","","","","","","","","https://jeepoo.com/wp-content/uploads/2025/02/Solution-1.webp ! alt :  ! title : Solution-1.webp ! desc :  ! caption : ","","https://jeepoo.com/shop-2/solution/avizor-120-ml-%d9%85%d8%ad%d9%84%d9%88%d9%84-%d8%b9%d8%af%d8%b3%d8%a7%d8%aa/","","","","simple","","Solution","","","","","",""
"Avizor 60 ml. محلول عدسات","avizor-60-ml-محلول-عدسات","","3418","For Sensitive eyes with Sodium hyaluronate","","Published","","0","2025-02-13 08:00:11","1","closed","","","","no","no","","3","","","","","","","","instock","no","no","","no","taxable","","","","","","","","","","https://jeepoo.com/wp-content/uploads/2025/02/Solution-7.webp ! alt :  ! title : Solution-7.webp ! desc :  ! caption : ","","https://jeepoo.com/shop-2/solution/avizor-60-ml-%d9%85%d8%ad%d9%84%d9%88%d9%84-%d8%b9%d8%af%d8%b3%d8%a7%d8%aa/","","","","simple","","Solution","","","","","",""
"Brown/ Calavue/ يومي","brown-calavue-يومي","","3314","Without Power","","Published","","0","2025-02-13 07:59:57","1","closed","","","","no","no","","5","","","","","","","","instock","no","no","","no","taxable","","","","","","","","","","https://jeepoo.com/wp-content/uploads/2025/02/dc7528cf-2163-4437-8bda-39def7ba6220.webp ! alt :  ! title : dc7528cf-2163-4437-8bda-39def7ba6220.webp ! desc :  ! caption :  | https://jeepoo.com/wp-content/uploads/2025/02/PHOTO-2024-10-21-21-26-48.webp ! alt :  ! title : PHOTO-2024-10-21-21-26-48.webp ! desc :  ! caption : ","","https://jeepoo.com/shop-2/calavue/brown-calavue-%d9%8a%d9%88%d9%85%d9%8a/","","","","simple","","Calavue","","","","No power|with Power","0|1|0",""
"gray / Calavue/ يومي","gray-calavue-يومي","","3313","Without Power","","Published","","0","2025-02-13 07:59:57","1","closed","","","","no","no","","5","","","","","","","","instock","no","no","","no","taxable","","","","","","","","","","https://jeepoo.com/wp-content/uploads/2025/02/PHOTO-2024-10-21-21-25-55-1.webp ! alt :  ! title : PHOTO-2024-10-21-21-25-55-1.webp ! desc :  ! caption :  | https://jeepoo.com/wp-content/uploads/2025/02/PHOTO-2024-10-21-21-26-48.webp ! alt :  ! title : PHOTO-2024-10-21-21-26-48.webp ! desc :  ! caption : ","","https://jeepoo.com/shop-2/calavue/gray-calavue-%d9%8a%d9%88%d9%85%d9%8a/","","","","simple","","Calavue","","","","No power|with Power","0|1|0",""
"Green / Calavue/ يومي","green-calavue-يومي","","3312","Without Power","","Published","","0","2025-02-13 07:59:57","1","closed","","","","no","no","","5","","","","","","","","instock","no","no","","no","taxable","","","","","","","","","","https://jeepoo.com/wp-content/uploads/2025/02/PHOTO-2024-10-21-21-25-56.webp ! alt :  ! title : PHOTO-2024-10-21-21-25-56.webp ! desc :  ! caption :  | https://jeepoo.com/wp-content/uploads/2025/02/PHOTO-2024-10-21-21-26-48.webp ! alt :  ! title : PHOTO-2024-10-21-21-26-48.webp ! desc :  ! caption : ","","https://jeepoo.com/shop-2/calavue/green-calavue-%d9%8a%d9%88%d9%85%d9%8a/","","","","simple","","Calavue","","","","No power|with Power","0|1|0",""
"nova-gray / Calavue/ يومي","nova-gray-calavue-يومي","","3311","Without Power","","Published","","0","2025-02-13 07:59:57","1","closed","","","","no","no","","5","","","","","","","","instock","no","no","","no","taxable","","","","","","","","","","https://jeepoo.com/wp-content/uploads/2025/02/PHOTO-2024-10-21-21-25-55-1.webp ! alt :  ! title : PHOTO-2024-10-21-21-25-55-1.webp ! desc :  ! caption :  | https://jeepoo.com/wp-content/uploads/2025/02/PHOTO-2024-10-21-21-26-48.webp ! alt :  ! title : PHOTO-2024-10-21-21-26-48.webp ! desc :  ! caption : ","","https://jeepoo.com/shop-2/calavue/nova-gray-calavue-%d9%8a%d9%88%d9%85%d9%8a/","","","","simple","","Calavue","","","","No power|with Power","0|1|0",""
"Nova Hazel / Calavue/ يومي","nova-hazel-calavue-يومي","","3310","Without Power","","Published","","0","2025-02-13 07:59:57","1","closed","","","","no","no","","5","","","","","","","","instock","no","no","","no","taxable","","","","","","","","","","https://jeepoo.com/wp-content/uploads/2025/02/PHOTO-2024-10-21-21-25-55.webp ! alt :  ! title : PHOTO-2024-10-21-21-25-55.webp ! desc :  ! caption :  | https://jeepoo.com/wp-content/uploads/2025/02/PHOTO-2024-10-21-21-26-48.webp ! alt :  ! title : PHOTO-2024-10-21-21-26-48.webp ! desc :  ! caption : ","","https://jeepoo.com/shop-2/calavue/nova-hazel-calavue-%d9%8a%d9%88%d9%85%d9%8a/","","","","simple","","Calavue","","","","No power|with Power","0|1|0",""
"Pure Hazel / Calavue/ يومي","pure-hazel-calavue-يومي","","3309","Without Power","","Published","","0","2025-02-13 07:59:57","1","closed","","","","no","no","","5","","","","","","","","instock","no","no","","no","taxable","","","","","","","","","","https://jeepoo.com/wp-content/uploads/2025/02/PHOTO-2024-10-21-21-25-57.webp ! alt :  ! title : PHOTO-2024-10-21-21-25-57.webp ! desc :  ! caption :  | https://jeepoo.com/wp-content/uploads/2025/02/PHOTO-2024-10-21-21-26-48.webp ! alt :  ! title : PHOTO-2024-10-21-21-26-48.webp ! desc :  ! caption : ","","https://jeepoo.com/shop-2/calavue/pure-hazel-calavue-%d9%8a%d9%88%d9%85%d9%8a/","","","","simple","","Calavue","","","","No power|with Power","0|1|0",""
"Nova Green/ Calavue/ يومي","nova-green-calavue-يومي","","3308","Without Power","","Published","","0","2025-02-13 07:59:57","1","closed","","","","no","no","","5","","","","","","","","instock","no","no","","no","taxable","","","","","","","","","","https://jeepoo.com/wp-content/uploads/2025/02/PHOTO-2024-10-21-21-25-57-1.webp ! alt :  ! title : PHOTO-2024-10-21-21-25-57-1.webp ! desc :  ! caption :  | https://jeepoo.com/wp-content/uploads/2025/02/PHOTO-2024-10-21-21-26-48.webp ! alt :  ! title : PHOTO-2024-10-21-21-26-48.webp ! desc :  ! caption : ","","https://jeepoo.com/shop-2/calavue/nova-green-calavue-%d9%8a%d9%88%d9%85%d9%8a/","","","","simple","","Calavue","","","","No power|with Power","0|1|0",""
"Marine / Calavue/ يومي","marine-calavue-يومي","","3307","Without Power","","Published","","0","2025-02-13 07:59:57","1","closed","","","","no","no","","5","","","","","","","","instock","no","no","","no","taxable","","","","","","","","","","https://jeepoo.com/wp-content/uploads/2025/02/PHOTO-2024-10-21-21-25-57-2.webp ! alt :  ! title : PHOTO-2024-10-21-21-25-57-2.webp ! desc :  ! caption :  | https://jeepoo.com/wp-content/uploads/2025/02/PHOTO-2024-10-21-21-26-48.webp ! alt :  ! title : PHOTO-2024-10-21-21-26-48.webp ! desc :  ! caption : ","","https://jeepoo.com/shop-2/calavue/marine-calavue-%d9%8a%d9%88%d9%85%d9%8a/","","","","simple","","Calavue","","","","No power|with Power","0|1|0",""
"Nova Amber / Calavue/ يومي","nova-amber-calavue-يومي","","3306","Without Power","","Published","","0","2025-02-13 07:59:57","1","closed","","","","no","no","","5","","","","","","","","instock","no","no","","no","taxable","","","","","","","","","","https://jeepoo.com/wp-content/uploads/2025/02/PHOTO-2024-10-21-21-25-57-3.webp ! alt :  ! title : PHOTO-2024-10-21-21-25-57-3.webp ! desc :  ! caption :  | https://jeepoo.com/wp-content/uploads/2025/02/PHOTO-2024-10-21-21-26-48.webp ! alt :  ! title : PHOTO-2024-10-21-21-26-48.webp ! desc :  ! caption : ","","https://jeepoo.com/shop-2/amber-grey/nova-amber-calavue-%d9%8a%d9%88%d9%85%d9%8a/","","","","simple","","Amber Grey|Calavue","","","","No power|with Power","0|1|0",""
"WILD GREEN","wild-green","","3305","Without Power","","Published","","0","2025-02-13 07:59:57","1","closed","","","","no","no","","8","","","","","","","","instock","no","no","","no","taxable","","","","","","","","","","https://jeepoo.com/wp-content/uploads/2025/02/wild-Green-ONE-DAY-1-1.webp ! alt :  ! title : wild-Green-ONE-DAY-1-1.webp ! desc :  ! caption : ","","https://jeepoo.com/shop-2/celena/wild-green/","","","","simple","","Celena","","","","No power|with Power","0|1|0",""
"VIVID GREY","vivid-grey","","3304","Without Power","","Published","","0","2025-02-13 07:59:57","1","closed","","","","no","no","","8","","","","","","","","instock","no","no","","no","taxable","","","","","","","","","","https://jeepoo.com/wp-content/uploads/2025/02/vivid-grey-ONE-DAY-1-1.webp ! alt :  ! title : vivid-grey-ONE-DAY-1-1.webp ! desc :  ! caption : ","","https://jeepoo.com/shop-2/celena/vivid-grey/","","","","simple","","Celena","","","","No power|with Power","0|1|0",""
"STYLISH HAZEL","stylish-hazel","","3303","Without Power","","Published","","0","2025-02-13 07:59:57","1","closed","","","","no","no","","8","","","","","","","","instock","no","no","","no","taxable","","","","","","","","","","https://jeepoo.com/wp-content/uploads/2025/02/stylish-hazel-1.webp ! alt :  ! title : stylish-hazel-1.webp ! desc :  ! caption : ","","https://jeepoo.com/shop-2/celena/stylish-hazel/","","","","simple","","Celena","","","","No power|with Power","0|1|0",""
"STYLISH GREY","stylish-grey","","3302","Without Power","","Published","","0","2025-02-13 07:59:57","1","closed","","","","no","no","","8","","","","","","","","instock","no","no","","no","taxable","","","","","","","","","","https://jeepoo.com/wp-content/uploads/2025/02/STYLISH-GREY1.webp ! alt :  ! title : STYLISH-GREY1.webp ! desc :  ! caption : ","","https://jeepoo.com/shop-2/celena/stylish-grey/","","","","simple","","Celena","","","","No power|with Power","0|1|0",""
"OLIVE GREEN","olive-green","","3301","Without Power","","Published","","0","2025-02-13 07:59:57","1","closed","","","","no","no","","8","","","","","","","","instock","no","no","","no","taxable","","","","","","","","","","https://jeepoo.com/wp-content/uploads/2025/02/olive-green-2-300x300-1-1.webp ! alt :  ! title : olive-green-2-300x300-1-1.webp ! desc :  ! caption : ","","https://jeepoo.com/shop-2/celena/olive-green/","","","","simple","","Celena","","","","No power|with Power","0|1|0",""
"DEEP BLUE","deep-blue","","3276","Without Power","","Published","","0","2025-02-13 07:59:53","1","closed","","","","no","no","","8","","","","","","","","instock","no","no","","no","taxable","","","","","","","","","","https://jeepoo.com/wp-content/uploads/2025/02/DEEP-BLUE-1.webp ! alt :  ! title : DEEP-BLUE-1.webp ! desc :  ! caption : ","","https://jeepoo.com/shop-2/celena/deep-blue/","","","","simple","","Celena","","","","No power|with Power","0|1|0",""
"BASIL GREY ONE DAY COLLECTION","basil-grey-one-day-collection","","3275","Without Power","","Published","","0","2025-02-13 07:59:53","1","closed","","","","no","no","","8","","","","","","","","instock","no","no","","no","taxable","","","","","","","","","","https://jeepoo.com/wp-content/uploads/2025/02/basil-grey-300x300-1-1.webp ! alt :  ! title : basil-grey-300x300-1-1.webp ! desc :  ! caption : ","","https://jeepoo.com/shop-2/celena/basil-grey-one-day-collection/","","","","simple","","Celena","","","","No power|with Power","0|1|0",""
"AQUA GREY ONE DAY COLLECTION // Without Power","aqua-grey-one-day-collection-without-power","","3274","Without Power","","Published","","0","2025-02-13 07:59:53","1","closed","","","","no","no","","8","","","","","","","","instock","no","no","","no","taxable","","","","","","","","","","https://jeepoo.com/wp-content/uploads/2025/02/Aqua-Grey-300x300-1-1.webp ! alt :  ! title : Aqua-Grey-300x300-1-1.webp ! desc :  ! caption : ","","https://jeepoo.com/shop-2/celena/aqua-grey-one-day-collection-without-power/","","","","simple","","Celena","","","","No power|with Power","0|1|0",""
"TRI GREY Adore Tri Collection","tri-grey-adore-tri-collection","","3039","","","Published","","0","2025-02-13 07:59:13","1","closed","","","","no","no","","20","","","","","","","","instock","no","no","","no","taxable","","","","","","","","","","https://jeepoo.com/wp-content/uploads/2025/02/TRI-GREY.webp ! alt :  ! title : TRI-GREY.webp ! desc :  ! caption :  | https://jeepoo.com/wp-content/uploads/2025/02/contact-lens-bi-aqua.webp ! alt :  ! title : contact-lens-bi-aqua.webp ! desc :  ! caption : ","","https://jeepoo.com/shop-2/adore/tri-grey-adore-tri-collection/","","","","simple","","Adore","Tri collection Adore|TRI LIGHT GREEN Adore","","","No power|with Power","0|1|0",""
"TRI LIGHT GREEN Adore Tri Collection","tri-light-green-adore-tri-collection","","3038","","","Published","","0","2025-02-13 07:59:13","1","closed","","","","no","no","","20","","","","","","","","instock","no","no","","no","taxable","","","","","","","","","","https://jeepoo.com/wp-content/uploads/2025/02/TRI-LIGHT-GREEN.webp ! alt :  ! title : TRI-LIGHT-GREEN.webp ! desc :  ! caption :  | https://jeepoo.com/wp-content/uploads/2025/02/contact-lens-bi-aqua.webp ! alt :  ! title : contact-lens-bi-aqua.webp ! desc :  ! caption : ","","https://jeepoo.com/shop-2/adore/tri-light-green-adore-tri-collection/","","","","simple","","Adore","Tri collection Adore|TRI LIGHT GREEN Adore","","","No power|with Power","0|1|0",""
"TRI LIGHT GREY Adore Tri Collection","tri-light-grey-adore-tri-collection","","3037","","","Published","","0","2025-02-13 07:59:13","1","closed","","","","no","no","","20","","","","","","","","instock","no","no","","no","taxable","","","","","","","","","","https://jeepoo.com/wp-content/uploads/2025/02/TRI-LIGHT-GREY.webp ! alt :  ! title : TRI-LIGHT-GREY.webp ! desc :  ! caption :  | https://jeepoo.com/wp-content/uploads/2025/02/contact-lens-bi-aqua.webp ! alt :  ! title : contact-lens-bi-aqua.webp ! desc :  ! caption : ","","https://jeepoo.com/shop-2/adore/tri-light-grey-adore-tri-collection/","","","","simple","","Adore","Tri collection Adore","","","No power|with Power","0|1|0",""
"TRI LIGHT BLUE Adore Tri Collection","tri-light-blue-adore-tri-collection","","3036","","","Published","","0","2025-02-13 07:59:13","1","closed","","","","no","no","","20","","","","","","","","instock","no","no","","no","taxable","","","","","","","","","","https://jeepoo.com/wp-content/uploads/2025/02/TRI-LIGHT-BLUE.webp ! alt :  ! title : TRI-LIGHT-BLUE.webp ! desc :  ! caption :  | https://jeepoo.com/wp-content/uploads/2025/02/contact-lens-bi-aqua.webp ! alt :  ! title : contact-lens-bi-aqua.webp ! desc :  ! caption : ","","https://jeepoo.com/shop-2/adore/tri-light-blue-adore-tri-collection/","","","","simple","","Adore","Tri collection Adore","","","No power|with Power","0|1|0",""
"Tri Hazel Adore Tri Collection","tri-hazel-adore-tri-collection","","3035","","","Published","","0","2025-02-13 07:59:13","1","closed","","","","no","no","","20","","","","","","","","instock","no","no","","no","taxable","","","","","","","","","","https://jeepoo.com/wp-content/uploads/2025/02/Tri-hazel-Adore-Tri-Collection.webp ! alt :  ! title : Tri-hazel-Adore-Tri-Collection.webp ! desc :  ! caption :  | https://jeepoo.com/wp-content/uploads/2025/02/contact-lens-bi-aqua.webp ! alt :  ! title : contact-lens-bi-aqua.webp ! desc :  ! caption : ","","https://jeepoo.com/shop-2/adore/tri-hazel-adore-tri-collection/","","","","simple","","Adore","Tri collection Adore","","","No power|with Power","0|1|0",""
"Adore-Trendy Tri-Tone-lens-blue collection","adore-trendy-tri-tone-lens-blue-collection","","3034","","","Published","","0","2025-02-13 07:59:13","1","closed","","","","no","no","","20","","","","","","","","instock","no","no","","no","taxable","","","","","","","","","","https://jeepoo.com/wp-content/uploads/2025/02/Adore-Trendy-Tri-Tone-lens-blue.webp ! alt :  ! title : Adore-Trendy-Tri-Tone-lens-blue.webp ! desc :  ! caption :  | https://jeepoo.com/wp-content/uploads/2025/02/contact-lens-bi-aqua.webp ! alt :  ! title : contact-lens-bi-aqua.webp ! desc :  ! caption : ","","https://jeepoo.com/shop-2/adore/adore-trendy-tri-tone-lens-blue-collection/","","","","simple","","Adore","Natural bi tone collection","","","No power|with Power","0|1|0",""
"Biomedics -1 Day Extra - Daily use QTY: 30 Lenses","biomedics-1-day-extra-daily-use-qty-30-lenses","","2972","","","Published","","0","2025-02-13 07:59:03","1","closed","","","","no","no","","25","","","","","","","","instock","no","no","","no","taxable","","","","","","","","","","https://jeepoo.com/wp-content/uploads/2025/02/30-days-Biomedics-Copervision.avif ! alt :  ! title : 30-days-Biomedics-Copervision.avif ! desc :  ! caption : ","","https://jeepoo.com/shop-2/biomedics/biomedics-1-day-extra-daily-use-qty-30-lenses/","","","","simple","","Biomedics|Contact lenses","","","","","",""
"هني #36 (يومي)","هني-36-يومي","","2874","","","Published","","0","2025-02-13 07:58:45","1","closed","","","","no","no","","8","","","","","","","","instock","no","no","","no","taxable","","","","","","","","","","https://jeepoo.com/wp-content/uploads/2025/02/BFp34sI1f0ZxZsQ4LdrdyOpBm5Serag3z3VJXIqe.webp ! alt :  ! title : BFp34sI1f0ZxZsQ4LdrdyOpBm5Serag3z3VJXIqe.webp ! desc :  ! caption : ","","https://jeepoo.com/shop-2/dahab/%d9%87%d9%86%d9%8a-36-%d9%8a%d9%88%d9%85%d9%8a/","","","","simple","","Dahab","","","","","",""
"كابتشينو #35 (يومي)","كابتشينو-35-يومي","","2873","","","Published","","0","2025-02-13 07:58:45","1","open","","","","no","no","","8","","","","","","","","instock","no","no","","no","taxable","","","","","","","","","","https://jeepoo.com/wp-content/uploads/2025/02/4r5DMhya5TQHSeKHzluLSOeVdsiH8u014UF2gk75.webp ! alt :  ! title : 4r5DMhya5TQHSeKHzluLSOeVdsiH8u014UF2gk75.webp ! desc :  ! caption : ","","https://jeepoo.com/shop-2/uncategorized/%d9%83%d8%a7%d8%a8%d8%aa%d8%b4%d9%8a%d9%86%d9%88-35-%d9%8a%d9%88%d9%85%d9%8a/","","","","simple","","Uncategorized","","","","","",""
"ناتشورال جرين #34 (يومي)","ناتشورال-جرين-34-يومي","","2814","","","Published","","0","2025-02-13 07:58:37","1","open","","","","no","no","","8","","","","","","","","instock","no","no","","no","taxable","","","","","","","","","","https://jeepoo.com/wp-content/uploads/2025/02/7T4xcXCa6BF9il6uxmj3hMKuwEytVtQbASdiQC4g.webp ! alt :  ! title : 7T4xcXCa6BF9il6uxmj3hMKuwEytVtQbASdiQC4g.webp ! desc :  ! caption : ","","https://jeepoo.com/shop-2/uncategorized/%d9%86%d8%a7%d8%aa%d8%b4%d9%88%d8%b1%d8%a7%d9%84-%d8%ac%d8%b1%d9%8a%d9%86-34-%d9%8a%d9%88%d9%85%d9%8a/","","","","simple","","Uncategorized","","","","","",""
"ناتشورال جراي #33 (يومي)","ناتشورال-جراي-33-يومي","","2813","","","Published","","0","2025-02-13 07:58:37","1","open","","","","no","no","","8","","","","","","","","instock","no","no","","no","taxable","","","","","","","","","","https://jeepoo.com/wp-content/uploads/2025/02/gMliAiZyR17R1stuueXAUBUiX3jAXKNEzgmlpGf9.webp ! alt :  ! title : gMliAiZyR17R1stuueXAUBUiX3jAXKNEzgmlpGf9.webp ! desc :  ! caption : ","","https://jeepoo.com/shop-2/uncategorized/%d9%86%d8%a7%d8%aa%d8%b4%d9%88%d8%b1%d8%a7%d9%84-%d8%ac%d8%b1%d8%a7%d9%8a-33-%d9%8a%d9%88%d9%85%d9%8a/","","","","simple","","Uncategorized","","","","","",""
"ناتشورال هازل #32 (يومي)","ناتشورال-هازل-32-يومي","","2812","","","Published","","0","2025-02-13 07:58:37","1","open","","","","no","no","","8","","","","","","","","instock","no","no","","no","taxable","","","","","","","","","","https://jeepoo.com/wp-content/uploads/2025/02/3WxTu44ZrNuL69Q7sqH9mPzM2TJi2c8nlvjirz26.webp ! alt :  ! title : 3WxTu44ZrNuL69Q7sqH9mPzM2TJi2c8nlvjirz26.webp ! desc :  ! caption : ","","https://jeepoo.com/shop-2/uncategorized/%d9%86%d8%a7%d8%aa%d8%b4%d9%88%d8%b1%d8%a7%d9%84-%d9%87%d8%a7%d8%b2%d9%84-32-%d9%8a%d9%88%d9%85%d9%8a/","","","","simple","","Uncategorized","","","","","",""
"ناتشورال بلو #31 (يومي)","ناتشورال-بلو-31-يومي","","2811","","","Published","","0","2025-02-13 07:58:37","1","open","","","","no","no","","8","","","","","","","","instock","no","no","","no","taxable","","","","","","","","","","https://jeepoo.com/wp-content/uploads/2025/02/fMMCWU2lQLdZrZBVyC4f7yemQGQZw9tSeCvimvc1.webp ! alt :  ! title : fMMCWU2lQLdZrZBVyC4f7yemQGQZw9tSeCvimvc1.webp ! desc :  ! caption : ","","https://jeepoo.com/shop-2/uncategorized/%d9%86%d8%a7%d8%aa%d8%b4%d9%88%d8%b1%d8%a7%d9%84-%d8%a8%d9%84%d9%88-31-%d9%8a%d9%88%d9%85%d9%8a/","","","","simple","","Uncategorized","","","","","",""
"هاواي #29 (يومي)","هاواي-29-يومي","","2810","","","Published","","0","2025-02-13 07:58:37","1","open","","","","no","no","","8","","","","","","","","instock","no","no","","no","taxable","","","","","","","","","","https://jeepoo.com/wp-content/uploads/2025/02/rdrGMn6aeUM7iM683w50NgVxkADgZhyXgohMy5J0.webp ! alt :  ! title : rdrGMn6aeUM7iM683w50NgVxkADgZhyXgohMy5J0.webp ! desc :  ! caption : ","","https://jeepoo.com/shop-2/uncategorized/%d9%87%d8%a7%d9%88%d8%a7%d9%8a-29-%d9%8a%d9%88%d9%85%d9%8a/","","","","simple","","Uncategorized","","","","","",""
"أرجان #28 (يومي)","أرجان-28-يومي","","2809","","","Published","","0","2025-02-13 07:58:37","1","open","","","","no","no","","8","","","","","","","","instock","no","no","","no","taxable","","","","","","","","","","https://jeepoo.com/wp-content/uploads/2025/02/Mps1ydOJU5EzXvHcRhtHQuRoCtIQkztsEb5dLHpS.webp ! alt :  ! title : Mps1ydOJU5EzXvHcRhtHQuRoCtIQkztsEb5dLHpS.webp ! desc :  ! caption : ","","https://jeepoo.com/shop-2/uncategorized/%d8%a3%d8%b1%d8%ac%d8%a7%d9%86-28-%d9%8a%d9%88%d9%85%d9%8a/","","","","simple","","Uncategorized","","","","","",""
"ألاسكا #27 (يومي)","ألاسكا-27-يومي","","2808","","","Published","","0","2025-02-13 07:58:37","1","open","","","","no","no","","8","","","","","","","","instock","no","no","","no","taxable","","","","","","","","","","https://jeepoo.com/wp-content/uploads/2025/02/Mm734DEY1VtcvapUMu50Nsgxao8QrmnRBQ8GcnLk.webp ! alt :  ! title : Mm734DEY1VtcvapUMu50Nsgxao8QrmnRBQ8GcnLk.webp ! desc :  ! caption : ","","https://jeepoo.com/shop-2/uncategorized/%d8%a3%d9%84%d8%a7%d8%b3%d9%83%d8%a7-27-%d9%8a%d9%88%d9%85%d9%8a/","","","","simple","","Uncategorized","","","","","",""
"راين #26 (يومي)","راين-26-يومي","","2807","","","Published","","0","2025-02-13 07:58:37","1","open","","","","no","no","","8","","","","","","","","instock","no","no","","no","taxable","","","","","","","","","","https://jeepoo.com/wp-content/uploads/2025/02/JNBrXxpVVQwvBy5L2ef5wbymqdtVqIJujLntelDG.webp ! alt :  ! title : JNBrXxpVVQwvBy5L2ef5wbymqdtVqIJujLntelDG.webp ! desc :  ! caption : ","","https://jeepoo.com/shop-2/uncategorized/%d8%b1%d8%a7%d9%8a%d9%86-26-%d9%8a%d9%88%d9%85%d9%8a/","","","","simple","","Uncategorized","","","","","",""
"مينثا #25 (يومي)","مينثا-25-يومي","","2806","","","Published","","0","2025-02-13 07:58:37","1","open","","","","no","no","","8","","","","","","","","instock","no","no","","no","taxable","","","","","","","","","","https://jeepoo.com/wp-content/uploads/2025/02/dUiaVGsPPtNsYBQ84lD1OTyAH6EeT1IfPY7fXVsy.webp ! alt :  ! title : dUiaVGsPPtNsYBQ84lD1OTyAH6EeT1IfPY7fXVsy.webp ! desc :  ! caption : ","","https://jeepoo.com/shop-2/uncategorized/%d9%85%d9%8a%d9%86%d8%ab%d8%a7-25-%d9%8a%d9%88%d9%85%d9%8a/","","","","simple","","Uncategorized","","","","","",""
"بيرل #24 (يومي)","بيرل-24-يومي","","2805","","","Published","","0","2025-02-13 07:58:37","1","open","","","","no","no","","8","","","","","","","","instock","no","no","","no","taxable","","","","","","","","","","https://jeepoo.com/wp-content/uploads/2025/02/IfxBQOwijE22gsSrTeD57phor4av3sP0i0rNltru.webp ! alt :  ! title : IfxBQOwijE22gsSrTeD57phor4av3sP0i0rNltru.webp ! desc :  ! caption : ","","https://jeepoo.com/shop-2/uncategorized/%d8%a8%d9%8a%d8%b1%d9%84-24-%d9%8a%d9%88%d9%85%d9%8a/","","","","simple","","Uncategorized","","","","","",""
"هند #23 (يومي)","هند-23-يومي","","2804","","","Published","","0","2025-02-13 07:58:37","1","open","","","","no","no","","8","","","","","","","","instock","no","no","","no","taxable","","","","","","","","","","https://jeepoo.com/wp-content/uploads/2025/02/6EuhlCF30vYRIqXWHYQnTHLuFMXApwc4uZsJvHdw.webp ! alt :  ! title : 6EuhlCF30vYRIqXWHYQnTHLuFMXApwc4uZsJvHdw.webp ! desc :  ! caption : ","","https://jeepoo.com/shop-2/uncategorized/%d9%87%d9%86%d8%af-23-%d9%8a%d9%88%d9%85%d9%8a/","","","","simple","","Uncategorized","","","","","",""
"تيفاني بلو #22 (يومي)","تيفاني-بلو-22-يومي","","2803","","","Published","","0","2025-02-13 07:58:37","1","open","","","","no","no","","8","","","","","","","","instock","no","no","","no","taxable","","","","","","","","","","https://jeepoo.com/wp-content/uploads/2025/02/VHGO4vzGLnmcM8V8wrm52wyoLwthn2hLRYR9CVVM.webp ! alt :  ! title : VHGO4vzGLnmcM8V8wrm52wyoLwthn2hLRYR9CVVM.webp ! desc :  ! caption : ","","https://jeepoo.com/shop-2/uncategorized/%d8%aa%d9%8a%d9%81%d8%a7%d9%86%d9%8a-%d8%a8%d9%84%d9%88-22-%d9%8a%d9%88%d9%85%d9%8a/","","","","simple","","Uncategorized","","","","","",""
"كراميل #21 (يومي)","كراميل-21-يومي","","2802","","","Published","","0","2025-02-13 07:58:37","1","open","","","","no","no","","8","","","","","","","","instock","no","no","","no","taxable","","","","","","","","","","https://jeepoo.com/wp-content/uploads/2025/02/0ru27q8kYvkR7eC7eYylbbqhiz30C8jMYplXGvAn.webp ! alt :  ! title : 0ru27q8kYvkR7eC7eYylbbqhiz30C8jMYplXGvAn.webp ! desc :  ! caption : ","","https://jeepoo.com/shop-2/uncategorized/%d9%83%d8%b1%d8%a7%d9%85%d9%8a%d9%84-21-%d9%8a%d9%88%d9%85%d9%8a/","","","","simple","","Uncategorized","","","","","",""
"أكوا #20 (يومي)","أكوا-20-يومي","","2801","","","Published","","0","2025-02-13 07:58:37","1","open","","","","no","no","","8","","","","","","","","instock","no","no","","no","taxable","","","","","","","","","","https://jeepoo.com/wp-content/uploads/2025/02/tg555apXs6C3WJeuWpNuO7kMWC5EefxNXUWRafbr.webp ! alt :  ! title : tg555apXs6C3WJeuWpNuO7kMWC5EefxNXUWRafbr.webp ! desc :  ! caption : ","","https://jeepoo.com/shop-2/uncategorized/%d8%a3%d9%83%d9%88%d8%a7-20-%d9%8a%d9%88%d9%85%d9%8a/","","","","simple","","Uncategorized","","","","","",""
"ماروون #19 (يومي)","ماروون-19-يومي","","2800","","","Published","","0","2025-02-13 07:58:37","1","open","","","","no","no","","8","","","","","","","","instock","no","no","","no","taxable","","","","","","","","","","https://jeepoo.com/wp-content/uploads/2025/02/dnO4qHLQfWsIcZm7z9qpSOV9hTFDJzNNEzOVcpq4.webp ! alt :  ! title : dnO4qHLQfWsIcZm7z9qpSOV9hTFDJzNNEzOVcpq4.webp ! desc :  ! caption : ","","https://jeepoo.com/shop-2/uncategorized/%d9%85%d8%a7%d8%b1%d9%88%d9%88%d9%86-19-%d9%8a%d9%88%d9%85%d9%8a/","","","","simple","","Uncategorized","","","","","",""
"أيس #18 (يومي)","أيس-18-يومي","","2799","","","Published","","0","2025-02-13 07:58:37","1","open","","","","no","no","","8","","","","","","","","instock","no","no","","no","taxable","","","","","","","","","","https://jeepoo.com/wp-content/uploads/2025/02/4LHbH1nobVDJxpuzFBt1S8emuoI4V1tmUJNa5NWR.webp ! alt :  ! title : 4LHbH1nobVDJxpuzFBt1S8emuoI4V1tmUJNa5NWR.webp ! desc :  ! caption : ","","https://jeepoo.com/shop-2/uncategorized/%d8%a3%d9%8y%d8%b3-18-%d9%8a%d9%88%d9%85%d9%8a/","","","","simple","","Uncategorized","","","","","",""
"لومير براون #17 (يومي)","لومير-براون-17-يومي","","2798","","","Published","","0","2025-02-13 07:58:37","1","open","","","","no","no","","8","","","","","","","","instock","no","no","","no","taxable","","","","","","","","","","https://jeepoo.com/wp-content/uploads/2025/02/YSFM1mRtYJlki2U3EQwIBD0CSdqYff42hAjQrLJV.webp ! alt :  ! title : YSFM1mRtYJlki2U3EQwIBD0CSdqYff42hAjQrLJV.webp ! desc :  ! caption : ","","https://jeepoo.com/shop-2/uncategorized/%d9%84%d9%88%d9%85%d9%8a%d8%b1-%d8%a8%d8%b1%d8%a7%d9%88%d9%86-17-%d9%8a%d9%88%d9%85%d9%8a/","","","","simple","","Uncategorized","","","","","",""
"لومير جرين #16 (يومي)","لومير-جرين-16-يومي","","2797","","","Published","","0","2025-02-13 07:58:37","1","open","","","","no","no","","8","","","","","","","","instock","no","no","","no","taxable","","","","","","","","","","https://jeepoo.com/wp-content/uploads/2025/02/0lhAYlBiWep1FA8WMbFrijWlOlY23rL8aqrRNeRs.webp ! alt :  ! title : 0lhAYlBiWep1FA8WMbFrijWlOlY23rL8aqrRNeRs.webp ! desc :  ! caption : ","","https://jeepoo.com/shop-2/uncategorized/%d9%84%d9%88%d9%85%d9%8a%d8%b1-%d8%ac%d8%b1%d9%8a%d9%86-16-%d9%8a%d9%88%d9%85%d9%8a/","","","","simple","","Uncategorized","","","","","",""
"كريمي #15 (يومي)","كريمي-15-يومي","","2796","","","Published","","0","2025-02-13 07:58:37","1","open","","","","no","no","","8","","","","","","","","instock","no","no","","no","taxable","","","","","","","","","","https://jeepoo.com/wp-content/uploads/2025/02/gU55KUhb7abxWycV44NoUHxjtWRSi43KJnuOWC8p.webp ! alt :  ! title : gU55KUhb7abxWycV44NoUHxjtWRSi43KJnuOWC8p.webp ! desc :  ! caption : ","","https://jeepoo.com/shop-2/uncategorized/%d9%83%d8%b1%d9%8a%d9%85%d9%8a-15-%d9%8a%d9%88%d9%85%d9%8a/","","","","simple","","Uncategorized","","","","","",""
"كات أي #14 (يومي)","كات-أي-14-يومي","","2795","","","Published","","0","2025-02-13 07:58:37","1","open","","","","no","no","","8","","","","","","","","instock","no","no","","no","taxable","","","","","","","","","","https://jeepoo.com/wp-content/uploads/2025/02/dYLXwlkAdckc4lpSqT2puj1DrJ0VqLOPnHUbDVTm.webp ! alt :  ! title : dYLXwlkAdckc4lpSqT2puj1DrJ0VqLOPnHUbDVTm.webp ! desc :  ! caption : ","","https://jeepoo.com/shop-2/uncategorized/%d9%83%d8%a7%d8%aa-%d8%a3%d9%8a-14-%d9%8a%d9%88%d9%85%d9%8a/","","","","simple","","Uncategorized","","","","","",""
"سكاي #13 (يومي)","سكاي-13-يومي","","2794","","","Published","","0","2025-02-13 07:58:37","1","open","","","","no","no","","8","","","","","","","","instock","no","no","","no","taxable","","","","","","","","","","https://jeepoo.com/wp-content/uploads/2025/02/Smr7Mby0BFKcBDKdzVfFLUTSOzqrpbRrYoBHNVma.webp ! alt :  ! title : Smr7Mby0BFKcBDKdzVfFLUTSOzqrpbRrYoBHNVma.webp ! desc :  ! caption : ","","https://jeepoo.com/shop-2/uncategorized/%d8%b3%d9%83%d8%a7%d9%8a-13-%d9%8a%d9%88%d9%85%d9%8a/","","","","simple","","Uncategorized","","","","","",""
"توباز #12 (يومي)","توباز-12-يومي","","2793","","","Published","","0","2025-02-13 07:58:37","1","open","","","","no","no","","8","","","","","","","","instock","no","no","","no","taxable","","","","","","","","","","https://jeepoo.com/wp-content/uploads/2025/02/z7ZnJ2vIlLxKth1mjBfsLJ5qMDBLsHAjlYN0AKzG.webp ! alt :  ! title : z7ZnJ2vIlLxKth1mjBfsLJ5qMDBLsHAjlYN0AKzG.webp ! desc :  ! caption : ","","https://jeepoo.com/shop-2/uncategorized/%d8%aa%d9%88%d8%a8%d8%a7%d8%b2-12-%d9%8a%d9%88%d9%85%d9%8a/","","","","simple","","Uncategorized","","","","","",""
"دايموند #11 (يومي)","دايموند-11-يومي","","2792","","","Published","","0","2025-02-13 07:58:37","1","open","","","","no","no","","8","","","","","","","","instock","no","no","","no","taxable","","","","","","","","","","https://jeepoo.com/wp-content/uploads/2025/02/7647NYl7GpigL7xCVuDKsFtnSTMPblbQO9JVZvNc.webp ! alt :  ! title : 7647NYl7GpigL7xCVuDKsFtnSTMPblbQO9JVZvNc.webp ! desc :  ! caption : ","","https://jeepoo.com/shop-2/uncategorized/%d8%af%d8%a7%d9%8a%d9%85%d9%88%d9%86%d8%af-11-%d9%8a%d9%88%d9%85%d9%8a/","","","","simple","","Uncategorized","","","","","",""
"ميدوسا #10 (يومي)","ميدوسا-10-يومي","","2791","","","Published","","0","2025-02-13 07:58:37","1","open","","","","no","no","","8","","","","","","","","instock","no","no","","no","taxable","","","","","","","","","","https://jeepoo.com/wp-content/uploads/2025/02/xno8kJ936IcEzBj6Ao7IvX6B0RebdaNk7CqfnjpG.webp ! alt :  ! title : xno8kJ936IcEzBj6Ao7IvX6B0RebdaNk7CqfnjpG.webp ! desc :  ! caption : ","","https://jeepoo.com/shop-2/dahab/%d9%85%d9%8a%d8%af%d9%88%d8%b3%d8%a7-10-%d9%8a%d9%88%d9%85%d9%8a/","","","","simple","","Dahab","","","","","",""
"صن كيس #9 (يومي)","صن-كيس-9-يومي","","2790","","","Published","","0","2025-02-13 07:58:37","1","open","","","","no","no","","8","","","","","","","","instock","no","no","","no","taxable","","","","","","","","","","https://jeepoo.com/wp-content/uploads/2025/02/CZWaUVVzC6oJiPDrTUDGZyfllQDyzEqM37ycFqLP.webp ! alt :  ! title : CZWaUVVzC6oJiPDrTUDGZyfllQDyzEqM37ycFqLP.webp ! desc :  ! caption : ","","https://jeepoo.com/shop-2/dahab/%d8%b5%d9%86-%d9%83%d9%8a%d8%b3-9-%d9%8a%d9%88%d9%85%d9%8a/","","","","simple","","Dahab","","","","","",""
"شوارفسكي #8 (يومي)","شوارفسكي-8-يومي","","2789","","","Published","","0","2025-02-13 07:58:36","1","open","","","","no","no","","8","","","","","","","","instock","no","no","","no","taxable","","","","","","","","","","https://jeepoo.com/wp-content/uploads/2025/02/g1uzjmgzYH3xuGircDGpMohcUtVAxlER53wfQ6z4.webp ! alt :  ! title : g1uzjmgzYH3xuGircDGpMohcUtVAxlER53wfQ6z4.webp ! desc :  ! caption : ","","https://jeepoo.com/shop-2/dahab/%d8%b4%d9%88%d8%a7%d8%b1%d9%81%d8%b3%d9%83%d9%8a-8-%d9%8a%d9%88%d9%85%d9%8a/","","","","simple","","Dahab","","","","","",""
"صابرين جراي #7 (يومي)","صابرين-جراي-7-يومي","","2788","","","Published","","0","2025-02-13 07:58:36","1","open","","","","no","no","","8","","","","","","","","instock","no","no","","no","taxable","","","","","","","","","","https://jeepoo.com/wp-content/uploads/2025/02/eQQxl2ZWnvbqhLqkg6Dwj7Jo0N8P2wAY5u9rV0w8.webp ! alt :  ! title : eQQxl2ZWnvbqhLqkg6Dwj7Jo0N8P2wAY5u9rV0w8.webp ! desc :  ! caption : ","","https://jeepoo.com/shop-2/dahab/%d8%b5%d8%a7%d8%a8%d8%b1%d9%8a%d9%86-%d8%ac%d8%b1%d8%a7%d9%8a-7-%d9%8a%d9%88%d9%85%d9%8a/","","","","simple","","Dahab","","","","","",""
"صابرين سول #6 (يومي)","صابرين-سول-6-يومي","","2787","","","Published","","0","2025-02-13 07:58:36","1","open","","","","no","no","","8","","","","","","","","instock","no","no","","no","taxable","","","","","","","","","","https://jeepoo.com/wp-content/uploads/2025/02/uVTmcuN4Yo5UPt4qQH9dpd6XGuNel6mj437Pz3ZP.webp ! alt :  ! title : uVTmcuN4Yo5UPt4qQH9dpd6XGuNel6mj437Pz3ZP.webp ! desc :  ! caption : ","","https://jeepoo.com/shop-2/dahab/%d8%b5%d8%a7%d8%a8%d8%b1%d9%8a%d9%86-%d8%b3%d9%88%d9%84-6-%d9%8a%d9%88%d9%85%d9%8a/","","","","simple","","Dahab","","","","","",""
"صابرين جراي جرين #5 (يومي)","صابرين-جراي-جرين-5-يومي","","2786","","","Published","","0","2025-02-13 07:58:36","1","open","","","","no","no","","8","","","","","","","","instock","no","no","","no","taxable","","","","","","","","","","https://jeepoo.com/wp-content/uploads/2025/02/mEjuWhmNl2VdyjymI9fgGxnisZHfp4OpLvWPVgIn.webp ! alt :  ! title : mEjuWhmNl2VdyjymI9fgGxnisZHfp4OpLvWPVgIn.webp ! desc :  ! caption : ","","https://jeepoo.com/shop-2/dahab/%d8%b5%d8%a7%d8%a8%d8%b1%d9%8a%d9%86-%d8%ac%d8%b1%d8%a7%d9%8a-%d8%ac%d8%b1%d9%8a%d9%86-5-%d9%8a%d9%88%d9%85%d9%8a/","","","","simple","","Dahab","","","","","",""
"سولتير #4 (يومي)","سولتير-4-يومي","","2785","","","Published","","0","2025-02-13 07:58:36","1","open","","","","no","no","","8","","","","","","","","instock","no","no","","no","taxable","","","","","","","","","","https://jeepoo.com/wp-content/uploads/2025/02/mSfrlTJHEmoZZ8J6C3CiTm2PQp3VCBBGi0FdGmbE.webp ! alt :  ! title : mSfrlTJHEmoZZ8J6C3CiTm2PQp3VCBBGi0FdGmbE.webp ! desc :  ! caption : ","","https://jeepoo.com/shop-2/dahab/%d8%b3%d9%88%d9%84%d8%aa%d9%8a%d8%b1-4-%d9%8a%d9%88%d9%85%d9%8a/","","","","simple","","Dahab","","","","","",""
"لومير جراي #3 (يومي)","لومير-جراي-3-يومي","","2724","","","Published","","0","2025-02-13 07:58:28","1","open","","","","no","no","","8","","","","","","","","instock","no","no","","no","taxable","","","","","","","","","","https://jeepoo.com/wp-content/uploads/2025/02/V7z4dY0zGCRPJDIWXGdsYvBNGlQKrEJoy4oHMkFP.webp ! alt :  ! title : V7z4dY0zGCRPJDIWXGdsYvBNGlQKrEJoy4oHMkFP.webp ! desc :  ! caption : ","","https://jeepoo.com/shop-2/dahab/%d9%84%d9%88%d9%85%d9%8a%d8%b1-%d8%ac%d8%b1%d8%a7%d9%8a-3-%d9%8a%d9%88%d9%85%d9%8a/","","","","simple","","Dahab","","","","","",""
"لومير هازل #2 (يومي)","لومير-هازل-2-يومي","","2723","","","Published","","0","2025-02-13 07:58:28","1","open","","","","no","no","","8","","","","","","","","instock","no","no","","no","taxable","","","","","","","","","","https://jeepoo.com/wp-content/uploads/2025/02/qUoJSYxc8BYDAx4lHGBcwVUxCkE38aJ11cpXcyj1.webp ! alt :  ! title : qUoJSYxc8BYDAx4lHGBcwVUxCkE38aJ11cpXcyj1.webp ! desc :  ! caption : ","","https://jeepoo.com/shop-2/dahab/%d9%84%d9%88%d9%85%d9%8a%d8%b1-%d9%87%d8%a7%d8%b2%d9%84-2-%d9%8a%d9%88%d9%85%d9%8a/","","","","simple","","Dahab","","","","","",""
"لومير بلو #1 (يومي)","لومير-بلو-1-يومي","","2722","","","Published","","0","2025-02-13 07:58:28","1","open","","","","no","no","","8","","","","","","","","instock","no","no","","no","taxable","","","","","","","","","","https://jeepoo.com/wp-content/uploads/2025/02/BKfatabEhbhFI5MvQSfVtwcFTjd26NRn1nnf58wh.webp ! alt :  ! title : BKfatabEhbhFI5MvQSfVtwcFTjd26NRn1nnf58wh.webp ! desc :  ! caption : ","","https://jeepoo.com/shop-2/dahab/%d9%84%d9%88%d9%85%d9%8a%d8%b1-%d8%a8%d9%84%d9%88-1-%d9%8a%d9%88%d9%85%d9%8a/","","","","simple","","Dahab","","","","","",""
"ماربل #26","ماربل-26","","2721","","","Published","","0","2025-02-13 07:58:28","1","open","","","","no","no","","30","","","","","","","","instock","no","no","","no","taxable","","","","","","","","","","https://jeepoo.com/wp-content/uploads/2025/02/VN8OIUVLqWGjEIs5oxZaJWFCplRxNmHPKZa8zBdu.webp ! alt :  ! title : VN8OIUVLqWGjEIs5oxZaJWFCplRxNmHPKZa8zBdu.webp ! desc :  ! caption : ","","https://jeepoo.com/shop-2/dahab/%d9%85%d8%a7%d8%b1%d8%a8%d9%84-26/","","","","simple","","Dahab","","","","","",""
"سموكي #25","سموكي-25","","2720","","","Published","","0","2025-02-13 07:58:28","1","open","","","","no","no","","30","","","","","","","","instock","no","no","","no","taxable","","","","","","","","","","https://jeepoo.com/wp-content/uploads/2025/02/CGYmlVPII3fSltf52j1clytTyjPYstuHRmzYUZjr.webp ! alt :  ! title : CGYmlVPII3fSltf52j1clytTyjPYstuHRmzYUZjr.webp ! desc :  ! caption : ","","https://jeepoo.com/shop-2/dahab/%d8%b3%d9%85%d9%88%d9%83%d9%8a-25/","","","","simple","","Dahab","","","","","",""
"كاف #24","كاف-24","","2719","","","Published","","0","2025-02-13 07:58:28","1","open","","","","no","no","","30","","","","","","","","instock","no","no","","no","taxable","","","","","","","","","","https://jeepoo.com/wp-content/uploads/2025/02/bCPzh2V6cbY5lNqyWpW5zNvZkblH8yq65dZRMYxB.webp ! alt :  ! title : bCPzh2V6cbY5lNqyWpW5zNvZkblH8yq65dZRMYxB.webp ! desc :  ! caption : ","","https://jeepoo.com/shop-2/dahab/%d9%83%d8%a7%d9%81-24/","","","","simple","","Dahab","","","","","",""
"هند #23","هند-23","","2718","","","Published","","0","2025-02-13 07:58:28","1","open","","","","no","no","","30","","","","","","","","instock","no","no","","no","taxable","","","","","","","","","","https://jeepoo.com/wp-content/uploads/2025/02/zQKofcPmh3WHghQAyuRVLf2fyCA7RdlT1s8dhO0P.webp ! alt :  ! title : zQKofcPmh3WHghQAyuRVLf2fyCA7RdlT1s8dhO0P.webp ! desc :  ! caption : ","","https://jeepoo.com/shop-2/dahab/%d9%87%d9%86%d8%af-23/","","","","simple","","Dahab","","","","","",""
"تيفاني بلو #22","تيفاني-بلو-22","","2717","","","Published","","0","2025-02-13 07:58:28","1","open","","","","no","no","","30","","","","","","","","instock","no","no","","no","taxable","","","","","","","","","","https://jeepoo.com/wp-content/uploads/2025/02/NaunSdV4HTLb72WnoqqyO2WZdYUC3MliXRms0Mzh.webp ! alt :  ! title : NaunSdV4HTLb72WnoqqyO2WZdYUC3MliXRms0Mzh.webp ! desc :  ! caption : ","","https://jeepoo.com/shop-2/dahab/%d8%aa%d9%8a%d9%81%d8%a7%d9%86%d9%8a-%d8%a8%d9%84%d9%88-22/","","","","simple","","Dahab","","","","","",""
"كراميل #21","كراميل-21","","2716","","","Published","","0","2025-02-13 07:58:28","1","open","","","","no","no","","30","","","","","","","","instock","no","no","","no","taxable","","","","","","","","","","https://jeepoo.com/wp-content/uploads/2025/02/H5OHdDKFHBHCuQUet5I7MmsHv8XzP8Cj6NzGB0eA.webp ! alt :  ! title : H5OHdDKFHBHCuQUet5I7MmsHv8XzP8Cj6NzGB0eA.webp ! desc :  ! caption : ","","https://jeepoo.com/shop-2/dahab/%d9%83%d8%b1%d8%a7%d9%85%d9%8a%d9%84-21/","","","","simple","","Dahab","","","","","",""
"أكوا #20","أكوا-20","","2715","","","Published","","0","2025-02-13 07:58:28","1","open","","","","no","no","","30","","","","","","","","instock","no","no","","no","taxable","","","","","","","","","","https://jeepoo.com/wp-content/uploads/2025/02/kIRFjB0k3zrr3OEjJZrrs1Qd2dEfziRB8ed4qgRC.webp ! alt :  ! title : kIRFjB0k3zrr3OEjJZrrs1Qd2dEfziRB8ed4qgRC.webp ! desc :  ! caption : ","","https://jeepoo.com/shop-2/dahab/%d8%a3%d9%83%d9%88%d8%a7-20/","","","","simple","","Dahab","","","","","",""
"أيس #18","أيس-18","","2714","","","Published","","0","2025-02-13 07:58:28","1","open","","","","no","no","","30","","","","","","","","instock","no","no","","no","taxable","","","","","","","","","","https://jeepoo.com/wp-content/uploads/2025/02/Scwusg6ts25Fx2bbOK7r4EJNCyybBX6fmYq1pCx3.webp ! alt :  ! title : Scwusg6ts25Fx2bbOK7r4EJNCyybBX6fmYq1pCx3.webp ! desc :  ! caption : ","","https://jeepoo.com/shop-2/dahab/%d8%a3%d9%8a%d8%b3-18/","","","","simple","","Dahab","","","","","",""
"لومير براون #17","لومير-براون-17","","2713","","","Published","","0","2025-02-13 07:58:27","1","open","","","","no","no","","30","","","","","","","","instock","no","no","","no","taxable","","","","","","","","","","https://jeepoo.com/wp-content/uploads/2025/02/bctrfMKBhCMs2u7ORYCaTeruf7xttDIdKJDtoF6i.webp ! alt :  ! title : bctrfMKBhCMs2u7ORYCaTeruf7xttDIdKJDtoF6i.webp ! desc :  ! caption : ","","https://jeepoo.com/shop-2/dahab/%d9%84%d9%88%d9%85%d9%8a%d8%b1-%d8%a8%d8%b1%d8%a7%d9%88%d9%86-17/","","","","simple","","Dahab","","","","","",""
"لومير جرين #16","لومير-جرين-16","","2712","","","Published","","0","2025-02-13 07:58:27","1","open","","","","no","no","","30","","","","","","","","instock","no","no","","no","taxable","","","","","","","","","","https://jeepoo.com/wp-content/uploads/2025/02/Ootid7vlIkHVJrPOIv4bRtvjMtPJEQL9GEG9ORj5.webp ! alt :  ! title : Ootid7vlIkHVJrPOIv4bRtvjMtPJEQL9GEG9ORj5.webp ! desc :  ! caption : ","","https://jeepoo.com/shop-2/dahab/%d9%84%d9%88%d9%85%d9%8a%d8%b1-%d8%ac%d8%b1%d9%8a%d9%86-16/","","","","simple","","Dahab","","","","","",""
"كريمي #15","كريمي-15","","2711","","","Published","","0","2025-02-13 07:58:27","1","open","","","","no","no","","30","","","","","","","","instock","no","no","","no","taxable","","","","","","","","","","https://jeepoo.com/wp-content/uploads/2025/02/yTqCAlW20ugOZbhWMIl5Q6JEElqtbDzN3W3LFl85.webp ! alt :  ! title : yTqCAlW20ugOZbhWMIl5Q6JEElqtbDzN3W3LFl85.webp ! desc :  ! caption : ","","https://jeepoo.com/shop-2/dahab/%d9%83%d8%b1%d9%8a%d9%85%d9%8a-15/","","","","simple","","Dahab","","","","","",""
"كات أي #14","كات-أي-14","","2710","","","Published","","0","2025-02-13 07:58:27","1","open","","","","no","no","","30","","","","","","","","instock","no","no","","no","taxable","","","","","","","","","","https://jeepoo.com/wp-content/uploads/2025/02/Xqa1RmsZHKRXT1iGVV0G7Baj52dULvJnJuNSyxyd.webp ! alt :  ! title : Xqa1RmsZHKRXT1iGVV0G7Baj52dULvJnJuNSyxyd.webp ! desc :  ! caption : ","","https://jeepoo.com/shop-2/dahab/%d9%83%d8%a7%d8%aa-%d8%a3%d9%8a-14/","","","","simple","","Dahab","","","","","",""
"سكاي #13","سكاي-13","","2709","","","Published","","0","2025-02-13 07:58:27","1","open","","","","no","no","","30","","","","","","","","instock","no","no","","no","taxable","","","","","","","","","","https://jeepoo.com/wp-content/uploads/2025/02/TwYb3wLIu5gEtf6rtRyu3BFC3WZtXeopwwsfpMVn.webp ! alt :  ! title : TwYb3wLIu5gEtf6rtRyu3BFC3WZtXeopwwsfpMVn.webp ! desc :  ! caption : ","","https://jeepoo.com/shop-2/dahab/%d8%b3%d9%83%d8%a7%d9%8a-13/","","","","simple","","Dahab","","","","","",""
"توباز #12","توباز-12","","2708","","","Published","","0","2025-02-13 07:58:27","1","open","","","","no","no","","30","","","","","","","","instock","no","no","","no","taxable","","","","","","","","","","https://jeepoo.com/wp-content/uploads/2025/02/FqYH0IRXpyRLtV4FUg6Acpe0vIDYcAiEsp4B0qtj.webp ! alt :  ! title : FqYH0IRXpyRLtV4FUg6Acpe0vIDYcAiEsp4B0qtj.webp ! desc :  ! caption : ","","https://jeepoo.com/shop-2/dahab/%d8%aa%d9%88%d8%a8%d8%a7%d8%b2-12/","","","","simple","","Dahab","","","","","",""
"دايموند #11","دايموند-11","","2707","","","Published","","0","2025-02-13 07:58:27","1","open","","","","no","no","","30","","","","","","","","instock","no","no","","no","taxable","","","","","","","","","","https://jeepoo.com/wp-content/uploads/2025/02/9jqks5kW1RTizVHlTBuXy9rW3kMjMmhItxBHiUho.webp ! alt :  ! title : 9jqks5kW1RTizVHlTBuXy9rW3kMjMmhItxBHiUho.webp ! desc :  ! caption : ","","https://jeepoo.com/shop-2/dahab/%d8%af%d8%a7%d9%8a%d9%85%d9%88%d9%86%d8%af-11/","","","","simple","","Dahab","","","","","",""
"ميدوسا #10","ميدوسا-10","","2706","","","Published","","0","2025-02-13 07:58:27","1","open","","","","no","no","","30","","","","","","","","instock","no","no","","no","taxable","","","","","","","","","","https://jeepoo.com/wp-content/uploads/2025/02/xno8kJ936IcEzBj6Ao7IvX6B0RebdaNk7CqfnjpG.webp ! alt :  ! title : xno8kJ936IcEzBj6Ao7IvX6B0RebdaNk7CqfnjpG.webp ! desc :  ! caption : ","","https://jeepoo.com/shop-2/dahab/%d9%85%d9%8a%d8%af%d9%88%d8%b3%d8%a7-10/","","","","simple","","Dahab","","","","","",""
"صن كيس #9","صن-كيس-9","","2705","","","Published","","0","2025-02-13 07:58:27","1","open","","","","no","no","","30","","","","","","","","instock","no","no","","no","taxable","","","","","","","","","","https://jeepoo.com/wp-content/uploads/2025/02/kmfAw5gicNBghOQRgPQIhRMbenQiUVJptaFgIvvD.webp ! alt :  ! title : kmfAw5gicNBghOQRgPQIhRMbenQiUVJptaFgIvvD.webp ! desc :  ! caption : ","","https://jeepoo.com/shop-2/dahab/%d8%b5%d9%86-%d9%83%d9%8a%d8%b3-9/","","","","simple","","Dahab","","","","","",""
"شوارفسكي #8","شوارفسكي-8","","2704","","","Published","","0","2025-02-13 07:58:27","1","open","","","","no","no","","30","","","","","","","","instock","no","no","","no","taxable","","","","","","","","","","https://jeepoo.com/wp-content/uploads/2025/02/GHGaXAneQRpHgFbJZ3ro0xPtJfQ0K38rp5fwtQfU.webp ! alt :  ! title : GHGaXAneQRpHgFbJZ3ro0xPtJfQ0K38rp5fwtQfU.webp ! desc :  ! caption : ","","https://jeepoo.com/shop-2/dahab/%d8%b4%d9%88%d8%a7%d8%b1%d9%81%d8%b3%d9%83%d9%8a-8/","","","","simple","","Dahab","","","","","",""
"صابرين جراي #7","صابرين-جراي-7","","2703","","","Published","","0","2025-02-13 07:58:27","1","open","","","","no","no","","30","","","","","","","","instock","no","no","","no","taxable","","","","","","","","","","https://jeepoo.com/wp-content/uploads/2025/02/JoleBKqUtWUqiiKbQEYZUuZHKpiTtgajRXZWCuUg.webp ! alt :  ! title : JoleBKqUtWUqiiKbQEYZUuZHKpiTtgajRXZWCuUg.webp ! desc :  ! caption : ","","https://jeepoo.com/shop-2/dahab/%d8%b5%d8%a7%d8%a8%d8%b1%d9%8a%d9%86-%d8%ac%d8%b1%d8%a7%d9%8a-7/","","","","simple","","Dahab","","","","","",""
"صابرين سول #6","صابرين-سول-6","","2702","","","Published","","0","2025-02-13 07:58:27","1","open","","","","no","no","","30","","","","","","","","instock","no","no","","no","taxable","","","","","","","","","","https://jeepoo.com/wp-content/uploads/2025/02/uVTmcuN4Yo5UPt4qQH9dpd6XGuNel6mj437Pz3ZP.webp ! alt :  ! title : uVTmcuN4Yo5UPt4qQH9dpd6XGuNel6mj437Pz3ZP.webp ! desc :  ! caption : ","","https://jeepoo.com/shop-2/dahab/%d8%b5%d8%a7%d8%a8%d8%b1%d9%8a%d9%86-%d8%b3%d9%88%d9%84-6/","","","","simple","","Dahab","","","","","",""
"صابرين جراي جرين #5","صابرين-جراي-جرين-5","","2701","","","Published","","0","2025-02-13 07:58:27","1","open","","","","no","no","","30","","","","","","","","instock","no","no","","no","taxable","","","","","","","","","","https://jeepoo.com/wp-content/uploads/2025/02/ahTD5uD5wug6vBwNZJrkyFv3mJglqaL93t03zTzH.webp ! alt :  ! title : ahTD5uD5wug6vBwNZJrkyFv3mJglqaL93t03zTzH.webp ! desc :  ! caption : ","","https://jeepoo.com/shop-2/dahab/%d8%b5%d8%a7%d8%a8%d8%b1%d9%8a%d9%86-%d8%ac%d8%b1%d8%a7%d9%8a-%d8%ac%d8%b1%d9%8a%d9%86-5/","","","","simple","","Dahab","","","","","",""
"سولتير #4","سولتير-4","","2700","","","Published","","0","2025-02-13 07:58:27","1","open","","","","no","no","","30","","","","","","","","instock","no","no","","no","taxable","","","","","","","","","","https://jeepoo.com/wp-content/uploads/2025/02/fXmfJpq5OuEISSr5Ia9v7RgSEh8XnUo61whBTSWw.webp ! alt :  ! title : fXmfJpq5OuEISSr5Ia9v7RgSEh8XnUo61whBTSWw.webp ! desc :  ! caption : ","","https://jeepoo.com/shop-2/dahab/%d8%b3%d9%88%d9%84%d8%aa%d9%8a%d8%b1-4/","","","","simple","","Dahab","","","","","",""
"لومير جراي #3","لومير-جراي-3","","2699","","","Published","","0","2025-02-13 07:58:27","1","open","","","","no","no","","30","","","","","","","","instock","no","no","","no","taxable","","","","","","","","","","https://jeepoo.com/wp-content/uploads/2025/02/wbiqaxaCAJUHZHTtpOCMOZYSfyZOiSl3lZsgmglm.webp ! alt :  ! title : wbiqaxaCAJUHZHTtpOCMOZYSfyZOiSl3lZsgmglm.webp ! desc :  ! caption : ","","https://jeepoo.com/shop-2/dahab/%d9%84%d9%88%d9%85%d9%8a%d8%b1-%d8%ac%d8%b1%d8%a7%d9%8a-3/","","","","simple","","Dahab","","","","","",""
"لومير هازل #2","لومير-هازل-2","","2698","","","Published","","0","2025-02-13 07:58:27","1","open","","","","no","no","","30","","","","","","","","instock","no","no","","no","taxable","","","","","","","","","","https://jeepoo.com/wp-content/uploads/2025/02/JpcyF0e09o6S5sg9CbU0UfiHsDsKcJXzHGLYOqvi.webp ! alt :  ! title : JpcyF0e09o6S5sg9CbU0UfiHsDsKcJXzHGLYOqvi.webp ! desc :  ! caption : ","","https://jeepoo.com/shop-2/dahab/%d9%84%d9%88%d9%85%d9%8a%d8%b1-%d9%87%d8%a7%d8%b2%d9%84-2/","","","","simple","","Dahab","","","","","",""
"لومير بلو #1","لومير-بلو-1","","2697","","","Published","","0","2025-02-13 07:58:27","1","open","","","","no","no","","30","","","","","","","","instock","no","no","","no","taxable","","","","","","","","","","https://jeepoo.com/wp-content/uploads/2025/02/sbLs3mbATvb8ysYuDvkPxlkm8N727YX2ccAbkzxJ.webp ! alt :  ! title : sbLs3mbATvb8ysYuDvkPxlkm8N727YX2ccAbkzxJ.webp ! desc :  ! caption : ","","https://jeepoo.com/shop-2/dahab/%d9%84%d9%88%d9%85%d9%8a%d8%b1-%d8%a8%d9%84%d9%88-1/","","","","simple","","Dahab","","","","","",""
"Avaira Vitality® Monthly clear lenses","avaira-vitality-monthly-clear-lenses","","2696","<img class=""alignright wp-image-1768 size-full"" src=""https://lensestodoor.com/wp-content/uploads/2024/09/Avaira-Vitality®.webp"" alt="""" width=""600"" height=""650"" />","<h5 class=""title--page"">Avaira Vitality®</h5>
&nbsp;","Published","","0","2025-02-13 07:58:27","1","closed","","","","no","no","","30","","","","","","","","instock","no","no","","no","taxable","","","","","","","","","","https://jeepoo.com/wp-content/uploads/2025/02/Untitled-design.webp ! alt :  ! title : Untitled-design.webp ! desc :  ! caption : ","","https://jeepoo.com/shop-2/avira/avaira-vitality-monthly-clear-lenses/","","","","simple","","Avira|Contact lenses","Clear Contact lenses|Medical lenses","","","","",""
"Biomedics® 55 Evolution عدد 6 عدسات بالعبوة . شهرية","biomedics-55-evolution-عدد-6-عدسات-بالعبوة-شهرية","","2695","&nbsp;
<div class=""practitioner-product__product-description"">
<div class=""practitioner-product__features"">
<h6 class=""field-label"">Features</h6>
<ul class=""practitioner-product__practitioner-product-callout-list practitioner-product-callout-list-item-items"">
 	<li class=""prac-product-callout-list-item practitioner-product__prac-product-callout-list practitioner-product--full__prac-product-callout-list field_type--text even""><i class=""fa fa-check""></i>Advanced aspheric optical design provides crisp visual clarity</li>
 	<li class=""prac-product-callout-list-item practitioner-product__prac-product-callout-list practitioner-product--full__prac-product-callout-list field_type--text even""><i class=""fa fa-check""></i>Patented tapered edge technology provides patient comfort</li>
 	<li class=""prac-product-callout-list-item practitioner-product__prac-product-callout-list practitioner-product--full__prac-product-callout-list field_type--text even""><i class=""fa fa-check""></i>Light is focused more accurately on the fovea for greater clarity across the power range</li>
</ul>
</div>
</div>
<div class=""practitioner-product__product-information"">
<div id=""product-details"" class=""practitioner-product__details"">

Product Details
<div class=""practitioner-product__details__table"">
<p class=""label"">Material / H<sub>2</sub>0 content</p>

<div class=""item"">ocufilcon D / 55%</div>
<p class=""label"">UV protection</p>

<div class=""item"">Yes</div>
<p class=""label"">Replacement schedule</p>

<div class=""item"">Monthly</div>
<p class=""label"">Oxygen transmissibility</p>

<div class=""item"">28.1 Dk/t (at -3.00D)</div>
<p class=""label"">Revenue carton size</p>

<div class=""item"">6-pack blisters</div>
<p class=""label"">Design</p>

<div class=""item"">Asphere</div>
<p class=""label"">Base curve</p>

<div class=""item"">8.8</div>
<p class=""label"">Diameter</p>

<div class=""item"">14.2</div>
<p class=""label"">Sphere power</p>

<div class=""item"">-0.50D to -10.00D (0.50D steps after -6.00D)</div>
<div class=""row"">

Wearing schedule
<p class=""items item-count--1"">Daily</p>

</div>
</div>
</div>
</div>","عدد 6 عدسات بالعبوة الواحدة إستخدام شهري","Published","","0","2025-02-13 07:58:27","1","closed","","","","no","no","","25","","","","","","","","instock","no","no","","no","taxable","","","","","","","","","","https://jeepoo.com/wp-content/uploads/2025/02/packshot24-biomedics-55-evolution_0.webp ! alt :  ! title : packshot24-biomedics-55-evolution_0.webp ! desc :  ! caption : ","","https://jeepoo.com/shop-2/biomedics/biomedics-55-evolution-%d8%b9%d8%af%d8%af-6-%d8%b9%d8%af%d8%b3%d8%a7%d8%aa-%d8%a8%d8%a7%d9%84%d8%b9%d8%a8%d9%88%d8%a9-%d8%b4%d9%87%d8%b1%d9%8a%d8%a9/","","","","simple","","Biomedics|Contact lenses","","","","","",""
